Break point 1,,Break point 2,
Chromosome,Position,Chromosome,Position
chr1,98723726,chr2,115114422
chr1,177408163,chr2,106068260
chr1,175681463,chr2,235063885
chr1,133482761,chr2,196041561
chr1,153232808,chr2,156545196
chr1,208692183,chr2,108799960
chr1,76442144,chr2,158594727
chr1,162087941,chr2,9581976
chr1,142091374,chr2,16000994
chr1,179281809,chr2,43047012
chr1,138680310,chr2,80397812
chr1,103764557,chr2,207420
chr1,204714860,chr2,168075552
chr1,183159240,chr2,238798497
chr1,41036298,chr2,222120683
chr1,136739638,chr2,136157351
chr1,146398781,chr2,172967853
chr1,7634457,chr2,122904530
chr1,129841966,chr2,12950544
chr1,118481240,chr2,33891457
